date,title,type,source,url,user,need,supply_gap,mvp,monetization,risk,score,status
2026-06-15,Jackrong/Qwopus3.6-27B-Coder-MTP-GGUF,HF Trending / New Tech,Hugging Face Trending,https://huggingface.co/Jackrong/Qwopus3.6-27B-Coder-MTP-GGUF,独立开发者、AI 编程重度用户、小型研发团队、需要把代码任务标准化的技术负责人。,把 Qwopus3.6 27B Coder MTP GGUF 包装成开发团队能直接使用的代码任务助手，例如审查、测试、迁移、重构或规范落地。,AI 编程工具很多，但团队级流程、质量度量、上下文管理和可复用模板仍然不足。,做一个 Qwopus3.6 27B Coder MTP GGUF 实战页：输入 GitHub repo URL，输出审查摘要、测试建议和可复制的 agent 指令包。,按任务包、月度订阅或托管执行次数收费；早期可用人工兜底提高交付率。,Agent 演示容易惊艳但交付不稳定；MVP 要限制任务边界并保留人工兜底。,21,深挖
2026-06-15,cobusgreyling/loop-engineering,GitHub Trending / New Tech,GitHub Search: llm created:>=2026-06-05,https://github.com/cobusgreyling/loop-engineering,独立开发者、AI 编程重度用户、小型研发团队、需要把代码任务标准化的技术负责人。,把 loop engineering 包装成开发团队能直接使用的代码任务助手，例如审查、测试、迁移、重构或规范落地。,AI 编程工具很多，但团队级流程、质量度量、上下文管理和可复用模板仍然不足。,做一个 loop engineering 实战页：输入 GitHub repo URL，输出审查摘要、测试建议和可复制的 agent 指令包。,按任务包、月度订阅或托管执行次数收费；早期可用人工兜底提高交付率。,Agent 演示容易惊艳但交付不稳定；MVP 要限制任务边界并保留人工兜底。,21,深挖
2026-06-15,zengxiao-he/tessera,GitHub Trending / New Tech,GitHub Search: llm created:>=2026-06-05,https://github.com/zengxiao-he/tessera,独立开发者、AI 编程重度用户、小型研发团队、需要把代码任务标准化的技术负责人。,把 tessera 包装成开发团队能直接使用的代码任务助手，例如审查、测试、迁移、重构或规范落地。,AI 编程工具很多，但团队级流程、质量度量、上下文管理和可复用模板仍然不足。,做一个 tessera 实战页：输入 GitHub repo URL，输出审查摘要、测试建议和可复制的 agent 指令包。,订阅、credits、托管版、API 加价、模板包或部署服务。,技术可能只是短期热度；需要确认 license、模型可用性、成本和真实工作流。,21,深挖
2026-06-15,kadevin/ilab-gpt-conjure,GitHub Trending / New Tech,GitHub Search: image-generation created:>=2026-06-05,https://github.com/kadevin/ilab-gpt-conjure,电商卖家、设计外包团队、游戏/角色创作者、需要稳定出图流程的独立开发者。,把 ilab gpt conjure 这类图像生成能力收敛到具体场景，例如商品图、角色图、封面图或工作流模板。,ilab gpt conjure 可能满足本地/离线需求，但部署和配置门槛高，普通用户缺少一键安装和默认工作流。,围绕 ilab gpt conjure 做一个场景化生成页：固定 5-10 个模板、示例图和参数预设，先收集邮箱或 credits 付费。,credits 按生成次数收费，外加 Pro 订阅解锁批量、高清、商用模板和队列优先级。,生成成本、版权/商用授权和同质化竞争是主要风险，需要用垂直场景避开纯工具内卷。,21,深挖
2026-06-15,kevinberrios2/NS-FW-AI-Adult-Gen,GitHub Trending / New Tech,GitHub Search: image-generation created:>=2026-06-05,https://github.com/kevinberrios2/NS-FW-AI-Adult-Gen,电商卖家、设计外包团队、游戏/角色创作者、需要稳定出图流程的独立开发者。,把 NS FW AI Adult Gen 这类图像生成能力收敛到具体场景，例如商品图、角色图、封面图或工作流模板。,图像生成能力多，但垂直行业模板、稳定风格、批量生成和后处理仍然供给不足。,围绕 NS FW AI Adult Gen 做一个场景化生成页：固定 5-10 个模板、示例图和参数预设，先收集邮箱或 credits 付费。,credits 按生成次数收费，外加 Pro 订阅解锁批量、高清、商用模板和队列优先级。,生成成本、版权/商用授权和同质化竞争是主要风险，需要用垂直场景避开纯工具内卷。,21,深挖
2026-06-15,AI Agents Don't Need SMS APIs. They Need Infrastructure,News Window,Hacker News: AI,https://blog.bridgexapi.io/from-rest-apis-to-mcp-making-messaging-infrastructure-ai-native,想把重复流程交给 AI 的创业团队、运营人员、开发者和个人效率工具用户。,把 AI Agents Don't Need SMS APIs. They Need Infrastructure 的 Agent/工作流能力产品化，帮用户完成一个明确任务，而不是只展示框架。,AI Agents Don't Need SMS APIs. They Need Infrastructure 证明 Agent 生态还在快速长新工具，但多数仍停留在开发者框架，缺少面向具体业务动作的交付层。,选 AI Agents Don't Need SMS APIs. They Need Infrastructure 最明显的一个任务，做表单输入 + 后台脚本/半自动 Agent + 结果交付。,按任务包、月度订阅或托管执行次数收费；早期可用人工兜底提高交付率。,Agent 演示容易惊艳但交付不稳定；MVP 要限制任务边界并保留人工兜底。,20,观察
2026-06-15,Ask HN: How can we democratize agentic coding,News Window,Hacker News: agent,https://news.ycombinator.com/item?id=48536656,想把重复流程交给 AI 的创业团队、运营人员、开发者和个人效率工具用户。,把 Ask HN: How can we democratize agentic coding 的 Agent/工作流能力产品化，帮用户完成一个明确任务，而不是只展示框架。,Ask HN: How can we democratize agentic coding 证明 Agent 生态还在快速长新工具，但多数仍停留在开发者框架，缺少面向具体业务动作的交付层。,选 Ask HN: How can we democratize agentic coding 最明显的一个任务，做表单输入 + 后台脚本/半自动 Agent + 结果交付。,按任务包、月度订阅或托管执行次数收费；早期可用人工兜底提高交付率。,Agent 演示容易惊艳但交付不稳定；MVP 要限制任务边界并保留人工兜底。,20,观察
2026-06-15,google/diffusiongemma-26B-A4B-it,HF Trending / New Tech,Hugging Face Trending,https://huggingface.co/google/diffusiongemma-26B-A4B-it,AI 应用开发者、独立开发者、内容创作者、需要把模型能力落地到具体任务的人。,把 diffusiongemma 26B A4B it 从开源项目/模型变成一个普通用户可直接使用的托管入口或模板。,模型能力可能已经出现，但普通用户缺少稳定入口、清晰场景、低门槛 UI 和可付费包装。,做 diffusiongemma 26B A4B it 承接页：解释用途、跑通 demo、列出替代方案，并收集等候名单或付费咨询线索。,订阅、credits、托管版、API 加价、模板包或部署服务。,技术可能只是短期热度；需要确认 license、模型可用性、成本和真实工作流。,19,观察
2026-06-15,moonshotai/Kimi-K2.7-Code,HF Trending / New Tech,Hugging Face Trending,https://huggingface.co/moonshotai/Kimi-K2.7-Code,独立开发者、AI 编程重度用户、小型研发团队、需要把代码任务标准化的技术负责人。,把 Kimi K2.7 Code 包装成开发团队能直接使用的代码任务助手，例如审查、测试、迁移、重构或规范落地。,AI 编程工具很多，但团队级流程、质量度量、上下文管理和可复用模板仍然不足。,做一个 Kimi K2.7 Code 实战页：输入 GitHub repo URL，输出审查摘要、测试建议和可复制的 agent 指令包。,订阅、credits、托管版、API 加价、模板包或部署服务。,技术可能只是短期热度；需要确认 license、模型可用性、成本和真实工作流。,19,观察
2026-06-15,MiniMaxAI/MiniMax-M3,HF Trending / New Tech,Hugging Face Trending,https://huggingface.co/MiniMaxAI/MiniMax-M3,短视频创作者、出海营销团队、内容工作室、需要批量生成视频素材的小团队。,把 MiniMax M3 这类视频生成/短视频流水线包装成面向创作者的模板化工具，而不是让用户自己拼脚本。,视频生成需求很热，但用户通常卡在提示词、镜头脚本、批处理、模型选择和成片交付。,围绕 MiniMax M3 做一个“输入主题→脚本→镜头提示词→生成队列”的单页工具，先支持 3 个固定视频模板。,credits 按生成次数收费，外加 Pro 订阅解锁批量、高清、商用模板和队列优先级。,生成成本、版权/商用授权和同质化竞争是主要风险，需要用垂直场景避开纯工具内卷。,19,观察
2026-06-15,nvidia/LocateAnything-3B,HF Trending / New Tech,Hugging Face Trending,https://huggingface.co/nvidia/LocateAnything-3B,电商运营、仓储盘点团队、质检团队、数据标注团队、需要批量理解图片的小型业务方。,把 LocateAnything 3B 这种视觉定位能力包装成可直接交付的图片理解工具，例如商品识别、瑕疵定位、库存盘点或标注助手。,视觉模型能力在变强，但普通业务方缺少可上传、可批量处理、可导出结果的低门槛产品。,做一个 LocateAnything 3B 批量图片分析页：上传图片夹，输出框选结果、CSV 和可复核的人工修正界面。,订阅、credits、托管版、API 加价、模板包或部署服务。,技术可能只是短期热度；需要确认 license、模型可用性、成本和真实工作流。,19,观察
2026-06-15,DietrichGebert/ponytail,GitHub Trending / New Tech,GitHub Search: llm created:>=2026-06-05,https://github.com/DietrichGebert/ponytail,独立开发者、AI 编程重度用户、小型研发团队、需要把代码任务标准化的技术负责人。,把 ponytail 包装成开发团队能直接使用的代码任务助手，例如审查、测试、迁移、重构或规范落地。,AI 编程工具很多，但团队级流程、质量度量、上下文管理和可复用模板仍然不足。,做一个 ponytail 实战页：输入 GitHub repo URL，输出审查摘要、测试建议和可复制的 agent 指令包。,按任务包、月度订阅或托管执行次数收费；早期可用人工兜底提高交付率。,Agent 演示容易惊艳但交付不稳定；MVP 要限制任务边界并保留人工兜底。,19,观察
2026-06-15,Dong90/oh-my-taiyiforge,GitHub Trending / New Tech,GitHub Search: llm created:>=2026-06-05,https://github.com/Dong90/oh-my-taiyiforge,AI 应用开发者、独立开发者、内容创作者、需要把模型能力落地到具体任务的人。,把 oh my taiyiforge 从开源项目/模型变成一个普通用户可直接使用的托管入口或模板。,oh my taiyiforge 这类开源项目通常有技术势能，但部署、示例、文档和产品化入口还不够顺。,做 oh my taiyiforge 承接页：解释用途、跑通 demo、列出替代方案，并收集等候名单或付费咨询线索。,按任务包、月度订阅或托管执行次数收费；早期可用人工兜底提高交付率。,技术可能只是短期热度；需要确认 license、模型可用性、成本和真实工作流。,19,观察
2026-06-15,john-rocky/coreai-model-zoo,GitHub Trending / New Tech,GitHub Search: llm created:>=2026-06-05,https://github.com/john-rocky/coreai-model-zoo,AI 应用开发者、独立开发者、内容创作者、需要把模型能力落地到具体任务的人。,把 coreai model zoo 从开源项目/模型变成一个普通用户可直接使用的托管入口或模板。,coreai model zoo 这类开源项目通常有技术势能，但部署、示例、文档和产品化入口还不够顺。,做 coreai model zoo 承接页：解释用途、跑通 demo、列出替代方案，并收集等候名单或付费咨询线索。,订阅、credits、托管版、API 加价、模板包或部署服务。,技术可能只是短期热度；需要确认 license、模型可用性、成本和真实工作流。,19,观察
2026-06-15,omnigent-ai/omnigent,GitHub Trending / New Tech,GitHub Search: ai-agent created:>=2026-06-05,https://github.com/omnigent-ai/omnigent,创始人、内容创作者、知识付费团队、需要保留个人表达风格的运营人员。,把 omnigent 包装成特定人群的写作/改写/发布助手，重点解决风格和流程问题。,写作工具很多，但多数会抹平个人风格；真正稀缺的是保留人味、适配具体发布渠道的工作流。,做一个 omnigent 改写页：输入草稿，选择个人风格和发布渠道，输出 3 个可直接发布版本。,按任务包、月度订阅或托管执行次数收费；早期可用人工兜底提高交付率。,Agent 演示容易惊艳但交付不稳定；MVP 要限制任务边界并保留人工兜底。,19,观察
2026-06-15,JimLiu/baoyu-design,GitHub Trending / New Tech,GitHub Search: ai-agent created:>=2026-06-05,https://github.com/JimLiu/baoyu-design,缺少专业设计资源的小型开发团队、独立开发者和 SaaS MVP 团队。,围绕 baoyu design 做设计交付辅助工具，帮助非设计团队快速得到可用界面或素材。,小团队知道界面重要，但缺少能持续产出高质量 UI 的设计资源；现有工具要么太专业，要么无法直接变成可用稿。,用 baoyu design 做“上传产品说明→生成 landing page 首屏/组件稿”的最小工具，先服务独立开发者。,按任务包、月度订阅或托管执行次数收费；早期可用人工兜底提高交付率。,Agent 演示容易惊艳但交付不稳定；MVP 要限制任务边界并保留人工兜底。,19,观察
2026-06-15,"Fugee, an agentic AI assistant for displaced people and asylum seekers [video]",News Window,Hacker News: AI,https://www.youtube.com/watch?v=PYGzJZj7LfM,短视频创作者、出海营销团队、内容工作室、需要批量生成视频素材的小团队。,"把 Fugee, an agentic AI assistant for displaced people and asylum seekers [video] 这类视频生成/短视频流水线包装成面向创作者的模板化工具，而不是让用户自己拼脚本。",视频生成需求很热，但用户通常卡在提示词、镜头脚本、批处理、模型选择和成片交付。,"围绕 Fugee, an agentic AI assistant for displaced people and asylum seekers [video] 做一个“输入主题→脚本→镜头提示词→生成队列”的单页工具，先支持 3 个固定视频模板。",credits 按生成次数收费，外加 Pro 订阅解锁批量、高清、商用模板和队列优先级。,生成成本、版权/商用授权和同质化竞争是主要风险，需要用垂直场景避开纯工具内卷。,18,观察
2026-06-16,Jackrong/Qwopus3.6-27B-Coder-MTP-GGUF,HF Trending / New Tech,Hugging Face Trending,https://huggingface.co/Jackrong/Qwopus3.6-27B-Coder-MTP-GGUF,独立开发者、AI 编程重度用户、小型研发团队、需要把代码任务标准化的技术负责人。,把 Qwopus3.6 27B Coder MTP GGUF 包装成开发团队能直接使用的代码任务助手，例如审查、测试、迁移、重构或规范落地。,AI 编程工具很多，但团队级流程、质量度量、上下文管理和可复用模板仍然不足。,做一个 Qwopus3.6 27B Coder MTP GGUF 实战页：输入 GitHub repo URL，输出审查摘要、测试建议和可复制的 agent 指令包。,按任务包、月度订阅或托管执行次数收费；早期可用人工兜底提高交付率。,Agent 演示容易惊艳但交付不稳定；MVP 要限制任务边界并保留人工兜底。,21,深挖
2026-06-16,cobusgreyling/loop-engineering,GitHub Trending / New Tech,GitHub Search: llm created:>=2026-06-06,https://github.com/cobusgreyling/loop-engineering,独立开发者、AI 编程重度用户、小型研发团队、需要把代码任务标准化的技术负责人。,把 loop engineering 包装成开发团队能直接使用的代码任务助手，例如审查、测试、迁移、重构或规范落地。,AI 编程工具很多，但团队级流程、质量度量、上下文管理和可复用模板仍然不足。,做一个 loop engineering 实战页：输入 GitHub repo URL，输出审查摘要、测试建议和可复制的 agent 指令包。,按任务包、月度订阅或托管执行次数收费；早期可用人工兜底提高交付率。,Agent 演示容易惊艳但交付不稳定；MVP 要限制任务边界并保留人工兜底。,21,深挖
2026-06-16,kadevin/ilab-gpt-conjure,GitHub Trending / New Tech,GitHub Search: image-generation created:>=2026-06-06,https://github.com/kadevin/ilab-gpt-conjure,电商卖家、设计外包团队、游戏/角色创作者、需要稳定出图流程的独立开发者。,把 ilab gpt conjure 这类图像生成能力收敛到具体场景，例如商品图、角色图、封面图或工作流模板。,ilab gpt conjure 可能满足本地/离线需求，但部署和配置门槛高，普通用户缺少一键安装和默认工作流。,围绕 ilab gpt conjure 做一个场景化生成页：固定 5-10 个模板、示例图和参数预设，先收集邮箱或 credits 付费。,credits 按生成次数收费，外加 Pro 订阅解锁批量、高清、商用模板和队列优先级。,生成成本、版权/商用授权和同质化竞争是主要风险，需要用垂直场景避开纯工具内卷。,21,深挖
2026-06-16,most9/NS-FW-AI-Adult-Gen,GitHub Trending / New Tech,GitHub Search: image-generation created:>=2026-06-06,https://github.com/most9/NS-FW-AI-Adult-Gen,电商卖家、设计外包团队、游戏/角色创作者、需要稳定出图流程的独立开发者。,把 NS FW AI Adult Gen 这类图像生成能力收敛到具体场景，例如商品图、角色图、封面图或工作流模板。,图像生成能力多，但垂直行业模板、稳定风格、批量生成和后处理仍然供给不足。,围绕 NS FW AI Adult Gen 做一个场景化生成页：固定 5-10 个模板、示例图和参数预设，先收集邮箱或 credits 付费。,credits 按生成次数收费，外加 Pro 订阅解锁批量、高清、商用模板和队列优先级。,生成成本、版权/商用授权和同质化竞争是主要风险，需要用垂直场景避开纯工具内卷。,21,深挖
2026-06-16,lcy362/agnes-video-generator,GitHub Trending / New Tech,GitHub Search: video-generation created:>=2026-06-06,https://github.com/lcy362/agnes-video-generator,短视频创作者、出海营销团队、内容工作室、需要批量生成视频素材的小团队。,把 agnes video generator 这类视频生成/短视频流水线包装成面向创作者的模板化工具，而不是让用户自己拼脚本。,视频生成需求很热，但用户通常卡在提示词、镜头脚本、批处理、模型选择和成片交付。,围绕 agnes video generator 做一个“输入主题→脚本→镜头提示词→生成队列”的单页工具，先支持 3 个固定视频模板。,credits 按生成次数收费，外加 Pro 订阅解锁批量、高清、商用模板和队列优先级。,生成成本、版权/商用授权和同质化竞争是主要风险，需要用垂直场景避开纯工具内卷。,21,深挖
2026-06-16,google/diffusiongemma-26B-A4B-it,HF Trending / New Tech,Hugging Face Trending,https://huggingface.co/google/diffusiongemma-26B-A4B-it,AI 应用开发者、独立开发者、内容创作者、需要把模型能力落地到具体任务的人。,把 diffusiongemma 26B A4B it 从开源项目/模型变成一个普通用户可直接使用的托管入口或模板。,模型能力可能已经出现，但普通用户缺少稳定入口、清晰场景、低门槛 UI 和可付费包装。,做 diffusiongemma 26B A4B it 承接页：解释用途、跑通 demo、列出替代方案，并收集等候名单或付费咨询线索。,订阅、credits、托管版、API 加价、模板包或部署服务。,技术可能只是短期热度；需要确认 license、模型可用性、成本和真实工作流。,19,观察
2026-06-16,MiniMaxAI/MiniMax-M3,HF Trending / New Tech,Hugging Face Trending,https://huggingface.co/MiniMaxAI/MiniMax-M3,短视频创作者、出海营销团队、内容工作室、需要批量生成视频素材的小团队。,把 MiniMax M3 这类视频生成/短视频流水线包装成面向创作者的模板化工具，而不是让用户自己拼脚本。,视频生成需求很热，但用户通常卡在提示词、镜头脚本、批处理、模型选择和成片交付。,围绕 MiniMax M3 做一个“输入主题→脚本→镜头提示词→生成队列”的单页工具，先支持 3 个固定视频模板。,credits 按生成次数收费，外加 Pro 订阅解锁批量、高清、商用模板和队列优先级。,生成成本、版权/商用授权和同质化竞争是主要风险，需要用垂直场景避开纯工具内卷。,19,观察
2026-06-16,moonshotai/Kimi-K2.7-Code,HF Trending / New Tech,Hugging Face Trending,https://huggingface.co/moonshotai/Kimi-K2.7-Code,独立开发者、AI 编程重度用户、小型研发团队、需要把代码任务标准化的技术负责人。,把 Kimi K2.7 Code 包装成开发团队能直接使用的代码任务助手，例如审查、测试、迁移、重构或规范落地。,AI 编程工具很多，但团队级流程、质量度量、上下文管理和可复用模板仍然不足。,做一个 Kimi K2.7 Code 实战页：输入 GitHub repo URL，输出审查摘要、测试建议和可复制的 agent 指令包。,订阅、credits、托管版、API 加价、模板包或部署服务。,技术可能只是短期热度；需要确认 license、模型可用性、成本和真实工作流。,19,观察
2026-06-16,yuxinlu1/gemma-4-12B-coder-fable5-composer2.5-v1-GGUF,HF Trending / New Tech,Hugging Face Trending,https://huggingface.co/yuxinlu1/gemma-4-12B-coder-fable5-composer2.5-v1-GGUF,独立开发者、AI 编程重度用户、小型研发团队、需要把代码任务标准化的技术负责人。,把 gemma 4 12B coder fable5 composer2.5 v1 GGUF 包装成开发团队能直接使用的代码任务助手，例如审查、测试、迁移、重构或规范落地。,AI 编程工具很多，但团队级流程、质量度量、上下文管理和可复用模板仍然不足。,做一个 gemma 4 12B coder fable5 composer2.5 v1 GGUF 实战页：输入 GitHub repo URL，输出审查摘要、测试建议和可复制的 agent 指令包。,订阅、credits、托管版、API 加价、模板包或部署服务。,技术可能只是短期热度；需要确认 license、模型可用性、成本和真实工作流。,19,观察
2026-06-16,Panniantong/Agent-Reach,GitHub Trending / New Tech,GitHub Trending,https://github.com/Panniantong/Agent-Reach,想把重复流程交给 AI 的创业团队、运营人员、开发者和个人效率工具用户。,把 Agent Reach 的 Agent/工作流能力产品化，帮用户完成一个明确任务，而不是只展示框架。,Agent Reach 证明 Agent 生态还在快速长新工具，但多数仍停留在开发者框架，缺少面向具体业务动作的交付层。,选 Agent Reach 最明显的一个任务，做表单输入 + 后台脚本/半自动 Agent + 结果交付。,按任务包、月度订阅或托管执行次数收费；早期可用人工兜底提高交付率。,Agent 演示容易惊艳但交付不稳定；MVP 要限制任务边界并保留人工兜底。,19,观察
2026-06-16,rohitg00/ai-engineering-from-scratch,GitHub Trending / New Tech,GitHub Trending,https://github.com/rohitg00/ai-engineering-from-scratch,AI 应用开发者、独立开发者、内容创作者、需要把模型能力落地到具体任务的人。,把 ai engineering from scratch 从开源项目/模型变成一个普通用户可直接使用的托管入口或模板。,ai engineering from scratch 这类开源项目通常有技术势能，但部署、示例、文档和产品化入口还不够顺。,做 ai engineering from scratch 承接页：解释用途、跑通 demo、列出替代方案，并收集等候名单或付费咨询线索。,按任务包、月度订阅或托管执行次数收费；早期可用人工兜底提高交付率。,技术可能只是短期热度；需要确认 license、模型可用性、成本和真实工作流。,19,观察
2026-06-16,DietrichGebert/ponytail,GitHub Trending / New Tech,GitHub Search: llm created:>=2026-06-06,https://github.com/DietrichGebert/ponytail,独立开发者、AI 编程重度用户、小型研发团队、需要把代码任务标准化的技术负责人。,把 ponytail 包装成开发团队能直接使用的代码任务助手，例如审查、测试、迁移、重构或规范落地。,AI 编程工具很多，但团队级流程、质量度量、上下文管理和可复用模板仍然不足。,做一个 ponytail 实战页：输入 GitHub repo URL，输出审查摘要、测试建议和可复制的 agent 指令包。,按任务包、月度订阅或托管执行次数收费；早期可用人工兜底提高交付率。,Agent 演示容易惊艳但交付不稳定；MVP 要限制任务边界并保留人工兜底。,19,观察
2026-06-16,Jeidoban/Ironsmith,GitHub Trending / New Tech,GitHub Search: llm created:>=2026-06-06,https://github.com/Jeidoban/Ironsmith,AI 应用开发者、独立开发者、内容创作者、需要把模型能力落地到具体任务的人。,把 Ironsmith 从开源项目/模型变成一个普通用户可直接使用的托管入口或模板。,Ironsmith 这类开源项目通常有技术势能，但部署、示例、文档和产品化入口还不够顺。,做 Ironsmith 承接页：解释用途、跑通 demo、列出替代方案，并收集等候名单或付费咨询线索。,订阅、credits、托管版、API 加价、模板包或部署服务。,技术可能只是短期热度；需要确认 license、模型可用性、成本和真实工作流。,19,观察
2026-06-16,john-rocky/coreai-model-zoo,GitHub Trending / New Tech,GitHub Search: llm created:>=2026-06-06,https://github.com/john-rocky/coreai-model-zoo,AI 应用开发者、独立开发者、内容创作者、需要把模型能力落地到具体任务的人。,把 coreai model zoo 从开源项目/模型变成一个普通用户可直接使用的托管入口或模板。,coreai model zoo 这类开源项目通常有技术势能，但部署、示例、文档和产品化入口还不够顺。,做 coreai model zoo 承接页：解释用途、跑通 demo、列出替代方案，并收集等候名单或付费咨询线索。,订阅、credits、托管版、API 加价、模板包或部署服务。,技术可能只是短期热度；需要确认 license、模型可用性、成本和真实工作流。,19,观察
2026-06-16,Agentic AI Foundation,News Window,Hacker News: AI,https://aaif.io/,想把重复流程交给 AI 的创业团队、运营人员、开发者和个人效率工具用户。,把 Agentic AI Foundation 的 Agent/工作流能力产品化，帮用户完成一个明确任务，而不是只展示框架。,Agentic AI Foundation 证明 Agent 生态还在快速长新工具，但多数仍停留在开发者框架，缺少面向具体业务动作的交付层。,选 Agentic AI Foundation 最明显的一个任务，做表单输入 + 后台脚本/半自动 Agent + 结果交付。,按任务包、月度订阅或托管执行次数收费；早期可用人工兜底提高交付率。,Agent 演示容易惊艳但交付不稳定；MVP 要限制任务边界并保留人工兜底。,18,观察
2026-06-16,AATF – An open spec for recording why AI agents make decisions,News Window,Hacker News: AI,https://github.com/wdh107/agent-audit-trail,想把重复流程交给 AI 的创业团队、运营人员、开发者和个人效率工具用户。,把 AATF – An open spec for recording why AI agents make decisions 的 Agent/工作流能力产品化，帮用户完成一个明确任务，而不是只展示框架。,AATF – An open spec for recording why AI agents make decisions 证明 Agent 生态还在快速长新工具，但多数仍停留在开发者框架，缺少面向具体业务动作的交付层。,选 AATF – An open spec for recording why AI agents make decisions 最明显的一个任务，做表单输入 + 后台脚本/半自动 Agent + 结果交付。,按任务包、月度订阅或托管执行次数收费；早期可用人工兜底提高交付率。,Agent 演示容易惊艳但交付不稳定；MVP 要限制任务边界并保留人工兜底。,18,观察
2026-06-16,EU Icons for labelling AI-generated content,News Window,Hacker News: AI,https://digital-strategy.ec.europa.eu/en/policies/eu-icons-labelling-ai-generated-content,追新技术、追效率工具、需要立即解决具体任务的早期采用者。,围绕“EU Icons for labelling AI-generated content”这个新讨论点，快速承接教程、试用、替代方案或新词站流量。,信息热度先于产品供给，窗口期内用户会主动搜索入口、教程和替代方案。,围绕 EU Icons for labelling AI-generated content 做新词承接页：解释是什么、谁需要、可用替代方案，并放一个轻量工具或资源清单。,按任务包、月度订阅或托管执行次数收费；早期可用人工兜底提高交付率。,热度衰减快；若涉及品牌词或商标，避免长期做 EMD，必要时转向自有品牌。,18,观察
